fork,eip,cross_layer,cohort,late_classification,censored,information_cutoff_at,days_cutoff_to_mainnet,days_cutoff_to_window_end,subst_revisions_after_cutoff,normative_revisions_after_cutoff,uncertain_revisions_after_cutoff,devnet_count,devnet_span_days,inferred_devnet_count,days_cutoff_to_first_devnet,deps_final,deps_after_cutoff,inclusion_reversals,unknown_inclusion_events,days_cutoff_to_sfi
shanghai,3651,False,forecastable_at_cutoff,,False,2022-03-04T00:00:00+00:00,0.6,404.9,0.3,0.5,0,0.6,0.5,0,0.5,0.6,0.5,0.6,0,
shanghai,3855,False,forecastable_at_cutoff,,False,2022-02-04T00:00:00+00:00,0.9,432.9,0.6,0.5,0,0.6,0.5,0,0.875,0.3,0.5,0.6,0,
shanghai,3860,False,forecastable_at_cutoff,,False,2022-02-04T00:00:00+00:00,0.9,432.9,0.8,1.0,0,0.6,0.5,0,0.875,0.9,0.5,0.6,0,
shanghai,4895,True,forecastable_at_cutoff,,False,2022-03-11T12:28:57+00:00,0.4,397.4,1.0,0.5,0,1.0,1.0,0,0.25,0.9,1.0,0.6,0,
shanghai,6049,False,late_scope,ancillary_or_non_consensus,False,2023-01-19T00:00:00+00:00,0.2,83.9,0.3,0.5,0,0.2,,0,,0.3,0.5,0.6,0,
cancun,1153,False,forecastable_at_cutoff,,False,2022-12-08T00:00:00+00:00,0.9166666666666666,461.6,0.3333333333333333,0.5833333333333334,1,0.5833333333333334,0.5833333333333334,0,1.0,0.5833333333333334,0.5,0.5833333333333334,0,1.0
cancun,4788,True,forecastable_at_cutoff,,False,2023-04-27T00:00:00+00:00,0.5,321.6,0.8333333333333334,0.8333333333333334,0,0.5833333333333334,0.5833333333333334,0,0.6666666666666666,0.25,1.0,0.5833333333333334,0,0.8333333333333334
cancun,4844,True,forecastable_at_cutoff,,False,2022-12-08T00:00:00+00:00,0.9166666666666666,461.6,1.0,1.0,0,1.0,1.0,0,0.16666666666666666,1.0,0.5,0.5833333333333334,0,0.25
cancun,5656,False,forecastable_at_cutoff,,False,2023-05-25T00:00:00+00:00,0.3333333333333333,293.6,0.6666666666666666,0.25,0,0.5833333333333334,0.5833333333333334,0,0.5,0.25,0.5,0.5833333333333334,0,0.5
cancun,6780,False,forecastable_at_cutoff,,False,2023-03-30T00:00:00+00:00,0.6666666666666666,349.6,0.3333333333333333,0.5833333333333334,0,0.5833333333333334,0.5833333333333334,0,0.8333333333333334,0.8333333333333334,0.5,0.5833333333333334,0,0.6666666666666666
cancun,7516,False,late_scope,derived_companion,False,2023-09-14T00:00:00+00:00,0.16666666666666666,181.6,0.3333333333333333,0.25,0,0.16666666666666666,0.16666666666666666,3,0.3333333333333333,0.5833333333333334,0.5,0.5833333333333334,0,0.25
prague,2537,False,forecastable_at_cutoff,,False,2024-01-18T00:00:00+00:00,0.9090909090909091,475.4,0.8181818181818182,0.4090909090909091,0,0.8181818181818182,0.8,0,0.8,0.18181818181818182,0.22727272727272727,0.5454545454545454,0,0.9
prague,2935,False,forecastable_at_cutoff,,False,2024-04-11T00:00:00+00:00,0.5909090909090909,391.4,0.6363636363636364,0.7272727272727273,0,0.8181818181818182,0.8,0,0.4,0.9090909090909091,0.9090909090909091,0.5454545454545454,0,0.3
prague,6110,True,forecastable_at_cutoff,,False,2024-01-18T00:00:00+00:00,0.9090909090909091,475.4,0.45454545454545453,0.4090909090909091,1,0.8181818181818182,0.8,0,0.8,0.45454545454545453,0.5909090909090909,0.5454545454545454,0,0.75
prague,7002,True,forecastable_at_cutoff,,False,2024-01-18T00:00:00+00:00,0.9090909090909091,475.4,0.8181818181818182,0.8636363636363636,0,0.8181818181818182,0.8,0,0.8,0.7272727272727273,0.8181818181818182,0.5454545454545454,0,0.75
prague,7251,True,forecastable_at_cutoff,,False,2024-03-21T00:00:00+00:00,0.7272727272727273,412.4,0.8181818181818182,0.8636363636363636,0,0.8181818181818182,0.8,0,0.5,0.7272727272727273,0.5909090909090909,0.5454545454545454,0,0.3
prague,7623,False,forecastable_at_cutoff,,False,2024-04-11T00:00:00+00:00,0.5909090909090909,391.4,0.5454545454545454,0.5909090909090909,0,0.2727272727272727,0.2,0,1.0,0.45454545454545453,0.5909090909090909,0.5454545454545454,0,1.0
prague,7642,False,late_scope,optional,False,2025-04-17T21:24:29+00:00,0.09090909090909091,19.5,0.09090909090909091,0.18181818181818182,0,0.09090909090909091,,0,,0.45454545454545453,0.22727272727272727,0.5454545454545454,2,
prague,7685,True,forecastable_at_cutoff,,False,2024-04-25T00:00:00+00:00,0.45454545454545453,377.4,0.36363636363636365,0.5909090909090909,0,0.5,0.5,1,0.2,0.18181818181818182,0.22727272727272727,0.5454545454545454,0,0.3
prague,7691,True,late_scope,derived_companion,False,2024-12-18T19:48:12+00:00,0.2727272727272727,139.6,0.22727272727272727,0.18181818181818182,0,0.2727272727272727,0.2,0,0.3,0.7272727272727273,0.5909090909090909,0.5454545454545454,0,0.3
prague,7702,False,forecastable_at_cutoff,,False,2024-05-23T00:00:00+00:00,0.36363636363636365,349.4,1.0,1.0,2,0.5,0.4,0,0.6,1.0,1.0,0.5454545454545454,0,0.6
prague,7840,False,late_scope,derived_companion,False,2025-01-15T16:25:43+00:00,0.18181818181818182,111.7,0.22727272727272727,0.18181818181818182,0,0.2727272727272727,0.2,0,0.1,0.18181818181818182,0.22727272727272727,0.5454545454545454,0,0.3
osaka,7594,True,forecastable_at_cutoff,,False,2024-09-27T18:42:32+00:00,1.0,432.1,0.7083333333333334,0.8333333333333334,0,0.875,0.8333333333333334,0,1.0,0.7083333333333334,0.5,0.5416666666666666,0,0.25
osaka,7642,False,forecastable_at_cutoff,,False,2025-02-21T16:21:57+00:00,0.6666666666666666,285.2,0.2916666666666667,0.4166666666666667,0,0.16666666666666666,,0,,0.7083333333333334,0.5,0.5416666666666666,0,0.5833333333333334
osaka,7823,False,forecastable_at_cutoff,,False,2025-01-23T23:05:03+00:00,0.9166666666666666,313.9,0.2916666666666667,0.4166666666666667,0,0.875,0.8333333333333334,0,0.8888888888888888,0.7083333333333334,0.5,0.5416666666666666,0,1.0
osaka,7825,False,forecastable_at_cutoff,,False,2025-02-21T01:11:23+00:00,0.8333333333333334,285.9,0.2916666666666667,0.4166666666666667,0,0.625,0.5,0,0.7777777777777778,0.2916666666666667,0.5,0.5416666666666666,0,0.9166666666666666
osaka,7883,False,forecastable_at_cutoff,,False,2025-02-21T10:10:59+00:00,0.75,285.5,0.7083333333333334,0.4166666666666667,0,0.875,0.8333333333333334,0,0.6666666666666666,0.7083333333333334,0.5,0.5416666666666666,0,0.8333333333333334
osaka,7892,True,forecastable_at_cutoff,,False,2025-03-25T15:44:57+00:00,0.5833333333333334,253.3,0.9583333333333334,0.9166666666666666,0,0.875,0.8333333333333334,0,0.4444444444444444,0.2916666666666667,0.5,0.5416666666666666,1,0.5
osaka,7910,False,late_scope,ancillary_or_non_consensus,False,2025-07-10T14:25:07+00:00,0.08333333333333333,146.3,0.8333333333333334,0.4166666666666667,0,0.16666666666666666,,0,,0.9583333333333334,0.5,0.5416666666666666,0,0.25
osaka,7918,False,forecastable_at_cutoff,,False,2025-03-26T23:25:10+00:00,0.5,251.9,0.9583333333333334,1.0,0,0.625,0.5,0,0.5555555555555556,0.9583333333333334,1.0,0.5416666666666666,0,0.75
osaka,7934,False,late_scope,unresolved,False,2025-05-09T21:56:48+00:00,0.375,208.0,0.5833333333333334,0.4166666666666667,0,0.4166666666666667,0.2222222222222222,0,0.3333333333333333,0.2916666666666667,0.5,0.5416666666666666,0,0.6666666666666666
osaka,7935,False,late_scope,independent_addition,False,2025-05-09T21:56:48+00:00,0.375,208.0,0.2916666666666667,0.4166666666666667,0,0.16666666666666666,,0,,0.2916666666666667,0.5,0.5416666666666666,1,0.25
osaka,7939,False,late_scope,independent_addition,False,2025-07-02T17:49:36+00:00,0.20833333333333334,154.2,0.2916666666666667,0.4166666666666667,0,0.4166666666666667,0.2222222222222222,0,0.16666666666666666,0.2916666666666667,0.5,0.5416666666666666,0,0.25
osaka,7951,False,forecastable_at_cutoff,,False,2025-07-02T17:49:36+00:00,0.20833333333333334,154.2,0.2916666666666667,0.4166666666666667,0,0.4166666666666667,0.2222222222222222,0,0.16666666666666666,0.2916666666666667,0.5,0.5416666666666666,0,0.25
amsterdam,2780,False,forecastable_at_cutoff,,True,2025-09-12T13:12:54+00:00,,346.4,0.8666666666666667,0.8666666666666667,0,0.23333333333333334,0.23333333333333334,0,0.9333333333333333,0.9333333333333333,0.9,0.5333333333333333,2,0.8666666666666667
amsterdam,7610,False,forecastable_at_cutoff,,True,2025-09-24T14:40:52+00:00,,334.4,0.16666666666666666,0.16666666666666666,0,0.23333333333333334,0.23333333333333334,0,0.8666666666666667,0.6,0.6,0.5333333333333333,1,0.8
amsterdam,7708,False,forecastable_at_cutoff,,True,2025-10-22T20:52:23+00:00,,306.1,0.7333333333333333,0.7,0,0.8333333333333334,0.8333333333333334,0,0.4,0.6666666666666666,0.8,0.5333333333333333,0,0.4
amsterdam,7778,False,forecastable_at_cutoff,,True,2025-09-03T20:52:20+00:00,,355.1,0.4666666666666667,0.4,0,0.8333333333333334,0.8333333333333334,0,0.4666666666666667,0.2,0.26666666666666666,0.5333333333333333,0,0.5666666666666667
amsterdam,7843,False,forecastable_at_cutoff,,True,2025-06-09T07:29:29+00:00,,441.7,0.16666666666666666,0.16666666666666666,0,0.8333333333333334,0.8333333333333334,0,0.7333333333333333,0.1,0.26666666666666666,0.5333333333333333,0,0.9333333333333333
amsterdam,7928,False,forecastable_at_cutoff,,True,2025-07-31T16:00:14+00:00,,389.3,1.0,1.0,0,1.0,1.0,0,0.26666666666666666,0.8333333333333334,0.7333333333333333,0.5333333333333333,0,0.06666666666666667
amsterdam,7954,False,forecastable_at_cutoff,,True,2026-01-20T14:22:47+00:00,,216.4,0.16666666666666666,0.16666666666666666,0,0.6333333333333333,0.6333333333333333,0,0.2,0.4,0.26666666666666666,0.5333333333333333,0,0.26666666666666666
amsterdam,7976,False,forecastable_at_cutoff,,True,2025-09-03T20:52:20+00:00,,355.1,0.36666666666666664,0.4,0,0.5,0.5,0,0.6,0.4,0.26666666666666666,0.5333333333333333,0,0.5666666666666667
amsterdam,7981,False,forecastable_at_cutoff,,True,2025-08-26T21:52:26+00:00,,363.1,0.5333333333333333,0.5333333333333333,0,0.5,0.5,0,0.6666666666666666,0.4,0.6,0.5333333333333333,0,0.6666666666666666
amsterdam,7997,False,forecastable_at_cutoff,,True,2025-08-21T13:34:18+00:00,,368.4,0.6333333333333333,0.8,0,0.23333333333333334,0.23333333333333334,0,1.0,0.4,0.26666666666666666,0.5333333333333333,2,1.0
amsterdam,8024,False,forecastable_at_cutoff,,True,2025-10-29T02:00:31+00:00,,299.9,0.6333333333333333,0.6,0,0.8333333333333334,0.8333333333333334,0,0.3333333333333333,0.1,0.26666666666666666,0.5333333333333333,0,0.3333333333333333
amsterdam,8037,False,forecastable_at_cutoff,,True,2025-10-16T08:11:36+00:00,,312.7,0.9333333333333333,0.9333333333333333,0,0.6333333333333333,0.6333333333333333,0,0.5333333333333333,1.0,1.0,0.5333333333333333,0,0.4666666666666667
amsterdam,8038,False,forecastable_at_cutoff,,True,2025-10-16T08:11:36+00:00,,312.7,0.8,0.7,0,0.23333333333333334,0.23333333333333334,0,0.8,0.8333333333333334,0.9,0.5333333333333333,2,0.7333333333333333
amsterdam,8246,False,late_scope,derived_companion,True,2026-05-06T12:59:06+00:00,,110.5,0.16666666666666666,0.16666666666666666,0,0.23333333333333334,0.23333333333333334,0,0.13333333333333333,0.4,0.26666666666666666,0.5333333333333333,2,0.2
amsterdam,8282,True,late_scope,derived_companion,True,2026-07-13T07:12:57+00:00,,42.7,0.36666666666666664,0.4,0,0.23333333333333334,0.23333333333333334,0,0.06666666666666667,0.7333333333333333,0.6,0.5333333333333333,1,0.13333333333333333
